mtry,AUC
84,0.9396648651394143
100,0.9400872031315679
150,0.9409175837186493
200,0.9410129434636402
300,0.9410480946125823
