mtry,AUC
84,0.9749636982592712
100,0.9754963605718814
150,0.9760938300651842
200,0.9761377352054436
300,0.9760874732619524
